{
    "loss": 0.40506288409233093,
    "accuracy": 0.8516483306884766
}