{
    "loss": 1.3696271181106567,
    "accuracy": 0.3186813294887543
}